발전기명,DATETIME,SI
경상대태양광,2025-11-12 00:00:00,0.4
경상대태양광,2025-11-12 00:30:00,0.3
경상대태양광,2025-11-12 01:00:00,0.7
경상대태양광,2025-11-12 01:30:00,0.7
경상대태양광,2025-11-12 02:00:00,1.0
경상대태양광,2025-11-12 02:30:00,1.0
경상대태양광,2025-11-12 03:00:00,
경상대태양광,2025-11-12 03:30:00,
경상대태양광,2025-11-12 04:00:00,
경상대태양광,2025-11-12 04:30:00,
경상대태양광,2025-11-12 05:00:00,
경상대태양광,2025-11-12 05:30:00,
경상대태양광,2025-11-12 06:00:00,
경상대태양광,2025-11-12 06:30:00,
경상대태양광,2025-11-12 07:00:00,
경상대태양광,2025-11-12 07:30:00,
경상대태양광,2025-11-12 08:00:00,
경상대태양광,2025-11-12 08:30:00,
경상대태양광,2025-11-12 09:00:00,
경상대태양광,2025-11-12 09:30:00,
경상대태양광,2025-11-12 10:00:00,
경상대태양광,2025-11-12 10:30:00,
경상대태양광,2025-11-12 11:00:00,
경상대태양광,2025-11-12 11:30:00,
경상대태양광,2025-11-12 12:00:00,
경상대태양광,2025-11-12 12:30:00,
경상대태양광,2025-11-12 13:00:00,
경상대태양광,2025-11-12 13:30:00,
경상대태양광,2025-11-12 14:00:00,
경상대태양광,2025-11-12 14:30:00,
경상대태양광,2025-11-12 15:00:00,
경상대태양광,2025-11-12 15:30:00,
경상대태양광,2025-11-12 16:00:00,
경상대태양광,2025-11-12 16:30:00,
경상대태양광,2025-11-12 17:00:00,
경상대태양광,2025-11-12 17:30:00,
경상대태양광,2025-11-12 18:00:00,
경상대태양광,2025-11-12 18:30:00,
경상대태양광,2025-11-12 19:00:00,
경상대태양광,2025-11-12 19:30:00,
경상대태양광,2025-11-12 20:00:00,
경상대태양광,2025-11-12 20:30:00,
경상대태양광,2025-11-12 21:00:00,
경상대태양광,2025-11-12 21:30:00,
경상대태양광,2025-11-12 22:00:00,
경상대태양광,2025-11-12 22:30:00,
경상대태양광,2025-11-12 23:00:00,
경상대태양광,2025-11-12 23:30:00,
고흥만 수상태양광,2025-11-12 00:00:00,0.3
고흥만 수상태양광,2025-11-12 00:30:00,0.3
고흥만 수상태양광,2025-11-12 01:00:00,0.6
고흥만 수상태양광,2025-11-12 01:30:00,0.3
고흥만 수상태양광,2025-11-12 02:00:00,0.4
고흥만 수상태양광,2025-11-12 02:30:00,0.6
고흥만 수상태양광,2025-11-12 03:00:00,0.8
고흥만 수상태양광,2025-11-12 03:30:00,
고흥만 수상태양광,2025-11-12 04:00:00,
고흥만 수상태양광,2025-11-12 04:30:00,
고흥만 수상태양광,2025-11-12 05:00:00,
고흥만 수상태양광,2025-11-12 05:30:00,
고흥만 수상태양광,2025-11-12 06:00:00,
고흥만 수상태양광,2025-11-12 06:30:00,
고흥만 수상태양광,2025-11-12 07:00:00,
고흥만 수상태양광,2025-11-12 07:30:00,
고흥만 수상태양광,2025-11-12 08:00:00,
고흥만 수상태양광,2025-11-12 08:30:00,
고흥만 수상태양광,2025-11-12 09:00:00,
고흥만 수상태양광,2025-11-12 09:30:00,
고흥만 수상태양광,2025-11-12 10:00:00,
고흥만 수상태양광,2025-11-12 10:30:00,
고흥만 수상태양광,2025-11-12 11:00:00,
고흥만 수상태양광,2025-11-12 11:30:00,
고흥만 수상태양광,2025-11-12 12:00:00,
고흥만 수상태양광,2025-11-12 12:30:00,
고흥만 수상태양광,2025-11-12 13:00:00,
고흥만 수상태양광,2025-11-12 13:30:00,
고흥만 수상태양광,2025-11-12 14:00:00,
고흥만 수상태양광,2025-11-12 14:30:00,
고흥만 수상태양광,2025-11-12 15:00:00,
고흥만 수상태양광,2025-11-12 15:30:00,
고흥만 수상태양광,2025-11-12 16:00:00,
고흥만 수상태양광,2025-11-12 16:30:00,
고흥만 수상태양광,2025-11-12 17:00:00,
고흥만 수상태양광,2025-11-12 17:30:00,
고흥만 수상태양광,2025-11-12 18:00:00,
고흥만 수상태양광,2025-11-12 18:30:00,
고흥만 수상태양광,2025-11-12 19:00:00,
고흥만 수상태양광,2025-11-12 19:30:00,
고흥만 수상태양광,2025-11-12 20:00:00,
고흥만 수상태양광,2025-11-12 20:30:00,
고흥만 수상태양광,2025-11-12 21:00:00,
고흥만 수상태양광,2025-11-12 21:30:00,
고흥만 수상태양광,2025-11-12 22:00:00,
고흥만 수상태양광,2025-11-12 22:30:00,
고흥만 수상태양광,2025-11-12 23:00:00,
고흥만 수상태양광,2025-11-12 23:30:00,
광양항세방태양광,2025-11-12 00:00:00,0.3
광양항세방태양광,2025-11-12 00:30:00,0.3
광양항세방태양광,2025-11-12 01:00:00,0.7
광양항세방태양광,2025-11-12 01:30:00,0.6
광양항세방태양광,2025-11-12 02:00:00,0.7
광양항세방태양광,2025-11-12 02:30:00,0.6
광양항세방태양광,2025-11-12 03:00:00,
광양항세방태양광,2025-11-12 03:30:00,
광양항세방태양광,2025-11-12 04:00:00,
광양항세방태양광,2025-11-12 04:30:00,
광양항세방태양광,2025-11-12 05:00:00,
광양항세방태양광,2025-11-12 05:30:00,
광양항세방태양광,2025-11-12 06:00:00,
광양항세방태양광,2025-11-12 06:30:00,
광양항세방태양광,2025-11-12 07:00:00,
광양항세방태양광,2025-11-12 07:30:00,
광양항세방태양광,2025-11-12 08:00:00,
광양항세방태양광,2025-11-12 08:30:00,
광양항세방태양광,2025-11-12 09:00:00,
광양항세방태양광,2025-11-12 09:30:00,
광양항세방태양광,2025-11-12 10:00:00,
광양항세방태양광,2025-11-12 10:30:00,
광양항세방태양광,2025-11-12 11:00:00,
광양항세방태양광,2025-11-12 11:30:00,
광양항세방태양광,2025-11-12 12:00:00,
광양항세방태양광,2025-11-12 12:30:00,
광양항세방태양광,2025-11-12 13:00:00,
광양항세방태양광,2025-11-12 13:30:00,
광양항세방태양광,2025-11-12 14:00:00,
광양항세방태양광,2025-11-12 14:30:00,
광양항세방태양광,2025-11-12 15:00:00,
광양항세방태양광,2025-11-12 15:30:00,
광양항세방태양광,2025-11-12 16:00:00,
광양항세방태양광,2025-11-12 16:30:00,
광양항세방태양광,2025-11-12 17:00:00,
광양항세방태양광,2025-11-12 17:30:00,
광양항세방태양광,2025-11-12 18:00:00,
광양항세방태양광,2025-11-12 18:30:00,
광양항세방태양광,2025-11-12 19:00:00,
광양항세방태양광,2025-11-12 19:30:00,
광양항세방태양광,2025-11-12 20:00:00,
광양항세방태양광,2025-11-12 20:30:00,
광양항세방태양광,2025-11-12 21:00:00,
광양항세방태양광,2025-11-12 21:30:00,
광양항세방태양광,2025-11-12 22:00:00,
광양항세방태양광,2025-11-12 22:30:00,
광양항세방태양광,2025-11-12 23:00:00,
광양항세방태양광,2025-11-12 23:30:00,
구미태양광,2025-11-12 00:00:00,0.7
구미태양광,2025-11-12 00:30:00,0.7
구미태양광,2025-11-12 01:00:00,1.2
구미태양광,2025-11-12 01:30:00,1.1
구미태양광,2025-11-12 02:00:00,1.2
구미태양광,2025-11-12 02:30:00,1.3
구미태양광,2025-11-12 03:00:00,
구미태양광,2025-11-12 03:30:00,
구미태양광,2025-11-12 04:00:00,
구미태양광,2025-11-12 04:30:00,
구미태양광,2025-11-12 05:00:00,
구미태양광,2025-11-12 05:30:00,
구미태양광,2025-11-12 06:00:00,
구미태양광,2025-11-12 06:30:00,
구미태양광,2025-11-12 07:00:00,
구미태양광,2025-11-12 07:30:00,
구미태양광,2025-11-12 08:00:00,
구미태양광,2025-11-12 08:30:00,
구미태양광,2025-11-12 09:00:00,
구미태양광,2025-11-12 09:30:00,
구미태양광,2025-11-12 10:00:00,
구미태양광,2025-11-12 10:30:00,
구미태양광,2025-11-12 11:00:00,
구미태양광,2025-11-12 11:30:00,
구미태양광,2025-11-12 12:00:00,
구미태양광,2025-11-12 12:30:00,
구미태양광,2025-11-12 13:00:00,
구미태양광,2025-11-12 13:30:00,
구미태양광,2025-11-12 14:00:00,
구미태양광,2025-11-12 14:30:00,
구미태양광,2025-11-12 15:00:00,
구미태양광,2025-11-12 15:30:00,
구미태양광,2025-11-12 16:00:00,
구미태양광,2025-11-12 16:30:00,
구미태양광,2025-11-12 17:00:00,
구미태양광,2025-11-12 17:30:00,
구미태양광,2025-11-12 18:00:00,
구미태양광,2025-11-12 18:30:00,
구미태양광,2025-11-12 19:00:00,
구미태양광,2025-11-12 19:30:00,
구미태양광,2025-11-12 20:00:00,
구미태양광,2025-11-12 20:30:00,
구미태양광,2025-11-12 21:00:00,
구미태양광,2025-11-12 21:30:00,
구미태양광,2025-11-12 22:00:00,
구미태양광,2025-11-12 22:30:00,
구미태양광,2025-11-12 23:00:00,
구미태양광,2025-11-12 23:30:00,
당진태양광,2025-11-12 00:00:00,0.6
당진태양광,2025-11-12 00:30:00,0.6
당진태양광,2025-11-12 01:00:00,1.2
당진태양광,2025-11-12 01:30:00,1.1
당진태양광,2025-11-12 02:00:00,1.5
당진태양광,2025-11-12 02:30:00,1.4
당진태양광,2025-11-12 03:00:00,
당진태양광,2025-11-12 03:30:00,
당진태양광,2025-11-12 04:00:00,
당진태양광,2025-11-12 04:30:00,
당진태양광,2025-11-12 05:00:00,
당진태양광,2025-11-12 05:30:00,
당진태양광,2025-11-12 06:00:00,
당진태양광,2025-11-12 06:30:00,
당진태양광,2025-11-12 07:00:00,
당진태양광,2025-11-12 07:30:00,
당진태양광,2025-11-12 08:00:00,
당진태양광,2025-11-12 08:30:00,
당진태양광,2025-11-12 09:00:00,
당진태양광,2025-11-12 09:30:00,
당진태양광,2025-11-12 10:00:00,
당진태양광,2025-11-12 10:30:00,
당진태양광,2025-11-12 11:00:00,
당진태양광,2025-11-12 11:30:00,
당진태양광,2025-11-12 12:00:00,
당진태양광,2025-11-12 12:30:00,
당진태양광,2025-11-12 13:00:00,
당진태양광,2025-11-12 13:30:00,
당진태양광,2025-11-12 14:00:00,
당진태양광,2025-11-12 14:30:00,
당진태양광,2025-11-12 15:00:00,
당진태양광,2025-11-12 15:30:00,
당진태양광,2025-11-12 16:00:00,
당진태양광,2025-11-12 16:30:00,
당진태양광,2025-11-12 17:00:00,
당진태양광,2025-11-12 17:30:00,
당진태양광,2025-11-12 18:00:00,
당진태양광,2025-11-12 18:30:00,
당진태양광,2025-11-12 19:00:00,
당진태양광,2025-11-12 19:30:00,
당진태양광,2025-11-12 20:00:00,
당진태양광,2025-11-12 20:30:00,
당진태양광,2025-11-12 21:00:00,
당진태양광,2025-11-12 21:30:00,
당진태양광,2025-11-12 22:00:00,
당진태양광,2025-11-12 22:30:00,
당진태양광,2025-11-12 23:00:00,
당진태양광,2025-11-12 23:30:00,
동해바이오화력본부 태양광,2025-11-12 00:00:00,0.8
동해바이오화력본부 태양광,2025-11-12 00:30:00,0.8
동해바이오화력본부 태양광,2025-11-12 01:00:00,1.4
동해바이오화력본부 태양광,2025-11-12 01:30:00,1.4
동해바이오화력본부 태양광,2025-11-12 02:00:00,1.9
동해바이오화력본부 태양광,2025-11-12 02:30:00,1.8
동해바이오화력본부 태양광,2025-11-12 03:00:00,
동해바이오화력본부 태양광,2025-11-12 03:30:00,
동해바이오화력본부 태양광,2025-11-12 04:00:00,
동해바이오화력본부 태양광,2025-11-12 04:30:00,
동해바이오화력본부 태양광,2025-11-12 05:00:00,
동해바이오화력본부 태양광,2025-11-12 05:30:00,
동해바이오화력본부 태양광,2025-11-12 06:00:00,
동해바이오화력본부 태양광,2025-11-12 06:30:00,
동해바이오화력본부 태양광,2025-11-12 07:00:00,
동해바이오화력본부 태양광,2025-11-12 07:30:00,
동해바이오화력본부 태양광,2025-11-12 08:00:00,
동해바이오화력본부 태양광,2025-11-12 08:30:00,
동해바이오화력본부 태양광,2025-11-12 09:00:00,
동해바이오화력본부 태양광,2025-11-12 09:30:00,
동해바이오화력본부 태양광,2025-11-12 10:00:00,
동해바이오화력본부 태양광,2025-11-12 10:30:00,
동해바이오화력본부 태양광,2025-11-12 11:00:00,
동해바이오화력본부 태양광,2025-11-12 11:30:00,
동해바이오화력본부 태양광,2025-11-12 12:00:00,
동해바이오화력본부 태양광,2025-11-12 12:30:00,
동해바이오화력본부 태양광,2025-11-12 13:00:00,
동해바이오화력본부 태양광,2025-11-12 13:30:00,
동해바이오화력본부 태양광,2025-11-12 14:00:00,
동해바이오화력본부 태양광,2025-11-12 14:30:00,
동해바이오화력본부 태양광,2025-11-12 15:00:00,
동해바이오화력본부 태양광,2025-11-12 15:30:00,
동해바이오화력본부 태양광,2025-11-12 16:00:00,
동해바이오화력본부 태양광,2025-11-12 16:30:00,
동해바이오화력본부 태양광,2025-11-12 17:00:00,
동해바이오화력본부 태양광,2025-11-12 17:30:00,
동해바이오화력본부 태양광,2025-11-12 18:00:00,
동해바이오화력본부 태양광,2025-11-12 18:30:00,
동해바이오화력본부 태양광,2025-11-12 19:00:00,
동해바이오화력본부 태양광,2025-11-12 19:30:00,
동해바이오화력본부 태양광,2025-11-12 20:00:00,
동해바이오화력본부 태양광,2025-11-12 20:30:00,
동해바이오화력본부 태양광,2025-11-12 21:00:00,
동해바이오화력본부 태양광,2025-11-12 21:30:00,
동해바이오화력본부 태양광,2025-11-12 22:00:00,
동해바이오화력본부 태양광,2025-11-12 22:30:00,
동해바이오화력본부 태양광,2025-11-12 23:00:00,
동해바이오화력본부 태양광,2025-11-12 23:30:00,
보령태양광,2025-11-12 00:00:00,0.6
보령태양광,2025-11-12 00:30:00,0.6
보령태양광,2025-11-12 01:00:00,1.2
보령태양광,2025-11-12 01:30:00,1.3
보령태양광,2025-11-12 02:00:00,1.9
보령태양광,2025-11-12 02:30:00,1.9
보령태양광,2025-11-12 03:00:00,
보령태양광,2025-11-12 03:30:00,
보령태양광,2025-11-12 04:00:00,
보령태양광,2025-11-12 04:30:00,
보령태양광,2025-11-12 05:00:00,
보령태양광,2025-11-12 05:30:00,
보령태양광,2025-11-12 06:00:00,
보령태양광,2025-11-12 06:30:00,
보령태양광,2025-11-12 07:00:00,
보령태양광,2025-11-12 07:30:00,
보령태양광,2025-11-12 08:00:00,
보령태양광,2025-11-12 08:30:00,
보령태양광,2025-11-12 09:00:00,
보령태양광,2025-11-12 09:30:00,
보령태양광,2025-11-12 10:00:00,
보령태양광,2025-11-12 10:30:00,
보령태양광,2025-11-12 11:00:00,
보령태양광,2025-11-12 11:30:00,
보령태양광,2025-11-12 12:00:00,
보령태양광,2025-11-12 12:30:00,
보령태양광,2025-11-12 13:00:00,
보령태양광,2025-11-12 13:30:00,
보령태양광,2025-11-12 14:00:00,
보령태양광,2025-11-12 14:30:00,
보령태양광,2025-11-12 15:00:00,
보령태양광,2025-11-12 15:30:00,
보령태양광,2025-11-12 16:00:00,
보령태양광,2025-11-12 16:30:00,
보령태양광,2025-11-12 17:00:00,
보령태양광,2025-11-12 17:30:00,
보령태양광,2025-11-12 18:00:00,
보령태양광,2025-11-12 18:30:00,
보령태양광,2025-11-12 19:00:00,
보령태양광,2025-11-12 19:30:00,
보령태양광,2025-11-12 20:00:00,
보령태양광,2025-11-12 20:30:00,
보령태양광,2025-11-12 21:00:00,
보령태양광,2025-11-12 21:30:00,
보령태양광,2025-11-12 22:00:00,
보령태양광,2025-11-12 22:30:00,
보령태양광,2025-11-12 23:00:00,
보령태양광,2025-11-12 23:30:00,
서울태양광,2025-11-12 00:00:00,0.6
서울태양광,2025-11-12 00:30:00,0.6
서울태양광,2025-11-12 01:00:00,1.1
서울태양광,2025-11-12 01:30:00,1.1
서울태양광,2025-11-12 02:00:00,1.6
서울태양광,2025-11-12 02:30:00,1.7
서울태양광,2025-11-12 03:00:00,
서울태양광,2025-11-12 03:30:00,
서울태양광,2025-11-12 04:00:00,
서울태양광,2025-11-12 04:30:00,
서울태양광,2025-11-12 05:00:00,
서울태양광,2025-11-12 05:30:00,
서울태양광,2025-11-12 06:00:00,
서울태양광,2025-11-12 06:30:00,
서울태양광,2025-11-12 07:00:00,
서울태양광,2025-11-12 07:30:00,
서울태양광,2025-11-12 08:00:00,
서울태양광,2025-11-12 08:30:00,
서울태양광,2025-11-12 09:00:00,
서울태양광,2025-11-12 09:30:00,
서울태양광,2025-11-12 10:00:00,
서울태양광,2025-11-12 10:30:00,
서울태양광,2025-11-12 11:00:00,
서울태양광,2025-11-12 11:30:00,
서울태양광,2025-11-12 12:00:00,
서울태양광,2025-11-12 12:30:00,
서울태양광,2025-11-12 13:00:00,
서울태양광,2025-11-12 13:30:00,
서울태양광,2025-11-12 14:00:00,
서울태양광,2025-11-12 14:30:00,
서울태양광,2025-11-12 15:00:00,
서울태양광,2025-11-12 15:30:00,
서울태양광,2025-11-12 16:00:00,
서울태양광,2025-11-12 16:30:00,
서울태양광,2025-11-12 17:00:00,
서울태양광,2025-11-12 17:30:00,
서울태양광,2025-11-12 18:00:00,
서울태양광,2025-11-12 18:30:00,
서울태양광,2025-11-12 19:00:00,
서울태양광,2025-11-12 19:30:00,
서울태양광,2025-11-12 20:00:00,
서울태양광,2025-11-12 20:30:00,
서울태양광,2025-11-12 21:00:00,
서울태양광,2025-11-12 21:30:00,
서울태양광,2025-11-12 22:00:00,
서울태양광,2025-11-12 22:30:00,
서울태양광,2025-11-12 23:00:00,
서울태양광,2025-11-12 23:30:00,
서천태양광,2025-11-12 00:00:00,0.5
서천태양광,2025-11-12 00:30:00,0.5
서천태양광,2025-11-12 01:00:00,1.1
서천태양광,2025-11-12 01:30:00,1.1
서천태양광,2025-11-12 02:00:00,1.6
서천태양광,2025-11-12 02:30:00,1.6
서천태양광,2025-11-12 03:00:00,
서천태양광,2025-11-12 03:30:00,
서천태양광,2025-11-12 04:00:00,
서천태양광,2025-11-12 04:30:00,
서천태양광,2025-11-12 05:00:00,
서천태양광,2025-11-12 05:30:00,
서천태양광,2025-11-12 06:00:00,
서천태양광,2025-11-12 06:30:00,
서천태양광,2025-11-12 07:00:00,
서천태양광,2025-11-12 07:30:00,
서천태양광,2025-11-12 08:00:00,
서천태양광,2025-11-12 08:30:00,
서천태양광,2025-11-12 09:00:00,
서천태양광,2025-11-12 09:30:00,
서천태양광,2025-11-12 10:00:00,
서천태양광,2025-11-12 10:30:00,
서천태양광,2025-11-12 11:00:00,
서천태양광,2025-11-12 11:30:00,
서천태양광,2025-11-12 12:00:00,
서천태양광,2025-11-12 12:30:00,
서천태양광,2025-11-12 13:00:00,
서천태양광,2025-11-12 13:30:00,
서천태양광,2025-11-12 14:00:00,
서천태양광,2025-11-12 14:30:00,
서천태양광,2025-11-12 15:00:00,
서천태양광,2025-11-12 15:30:00,
서천태양광,2025-11-12 16:00:00,
서천태양광,2025-11-12 16:30:00,
서천태양광,2025-11-12 17:00:00,
서천태양광,2025-11-12 17:30:00,
서천태양광,2025-11-12 18:00:00,
서천태양광,2025-11-12 18:30:00,
서천태양광,2025-11-12 19:00:00,
서천태양광,2025-11-12 19:30:00,
서천태양광,2025-11-12 20:00:00,
서천태양광,2025-11-12 20:30:00,
서천태양광,2025-11-12 21:00:00,
서천태양광,2025-11-12 21:30:00,
서천태양광,2025-11-12 22:00:00,
서천태양광,2025-11-12 22:30:00,
서천태양광,2025-11-12 23:00:00,
서천태양광,2025-11-12 23:30:00,
세종태양광,2025-11-12 00:00:00,0.5
세종태양광,2025-11-12 00:30:00,0.5
세종태양광,2025-11-12 01:00:00,1.0
세종태양광,2025-11-12 01:30:00,1.2
세종태양광,2025-11-12 02:00:00,1.8
세종태양광,2025-11-12 02:30:00,1.8
세종태양광,2025-11-12 03:00:00,
세종태양광,2025-11-12 03:30:00,
세종태양광,2025-11-12 04:00:00,
세종태양광,2025-11-12 04:30:00,
세종태양광,2025-11-12 05:00:00,
세종태양광,2025-11-12 05:30:00,
세종태양광,2025-11-12 06:00:00,
세종태양광,2025-11-12 06:30:00,
세종태양광,2025-11-12 07:00:00,
세종태양광,2025-11-12 07:30:00,
세종태양광,2025-11-12 08:00:00,
세종태양광,2025-11-12 08:30:00,
세종태양광,2025-11-12 09:00:00,
세종태양광,2025-11-12 09:30:00,
세종태양광,2025-11-12 10:00:00,
세종태양광,2025-11-12 10:30:00,
세종태양광,2025-11-12 11:00:00,
세종태양광,2025-11-12 11:30:00,
세종태양광,2025-11-12 12:00:00,
세종태양광,2025-11-12 12:30:00,
세종태양광,2025-11-12 13:00:00,
세종태양광,2025-11-12 13:30:00,
세종태양광,2025-11-12 14:00:00,
세종태양광,2025-11-12 14:30:00,
세종태양광,2025-11-12 15:00:00,
세종태양광,2025-11-12 15:30:00,
세종태양광,2025-11-12 16:00:00,
세종태양광,2025-11-12 16:30:00,
세종태양광,2025-11-12 17:00:00,
세종태양광,2025-11-12 17:30:00,
세종태양광,2025-11-12 18:00:00,
세종태양광,2025-11-12 18:30:00,
세종태양광,2025-11-12 19:00:00,
세종태양광,2025-11-12 19:30:00,
세종태양광,2025-11-12 20:00:00,
세종태양광,2025-11-12 20:30:00,
세종태양광,2025-11-12 21:00:00,
세종태양광,2025-11-12 21:30:00,
세종태양광,2025-11-12 22:00:00,
세종태양광,2025-11-12 22:30:00,
세종태양광,2025-11-12 23:00:00,
세종태양광,2025-11-12 23:30:00,
신보령태양광,2025-11-12 00:00:00,0.5
신보령태양광,2025-11-12 00:30:00,0.5
신보령태양광,2025-11-12 01:00:00,1.1
신보령태양광,2025-11-12 01:30:00,1.1
신보령태양광,2025-11-12 02:00:00,1.6
신보령태양광,2025-11-12 02:30:00,1.6
신보령태양광,2025-11-12 03:00:00,
신보령태양광,2025-11-12 03:30:00,
신보령태양광,2025-11-12 04:00:00,
신보령태양광,2025-11-12 04:30:00,
신보령태양광,2025-11-12 05:00:00,
신보령태양광,2025-11-12 05:30:00,
신보령태양광,2025-11-12 06:00:00,
신보령태양광,2025-11-12 06:30:00,
신보령태양광,2025-11-12 07:00:00,
신보령태양광,2025-11-12 07:30:00,
신보령태양광,2025-11-12 08:00:00,
신보령태양광,2025-11-12 08:30:00,
신보령태양광,2025-11-12 09:00:00,
신보령태양광,2025-11-12 09:30:00,
신보령태양광,2025-11-12 10:00:00,
신보령태양광,2025-11-12 10:30:00,
신보령태양광,2025-11-12 11:00:00,
신보령태양광,2025-11-12 11:30:00,
신보령태양광,2025-11-12 12:00:00,
신보령태양광,2025-11-12 12:30:00,
신보령태양광,2025-11-12 13:00:00,
신보령태양광,2025-11-12 13:30:00,
신보령태양광,2025-11-12 14:00:00,
신보령태양광,2025-11-12 14:30:00,
신보령태양광,2025-11-12 15:00:00,
신보령태양광,2025-11-12 15:30:00,
신보령태양광,2025-11-12 16:00:00,
신보령태양광,2025-11-12 16:30:00,
신보령태양광,2025-11-12 17:00:00,
신보령태양광,2025-11-12 17:30:00,
신보령태양광,2025-11-12 18:00:00,
신보령태양광,2025-11-12 18:30:00,
신보령태양광,2025-11-12 19:00:00,
신보령태양광,2025-11-12 19:30:00,
신보령태양광,2025-11-12 20:00:00,
신보령태양광,2025-11-12 20:30:00,
신보령태양광,2025-11-12 21:00:00,
신보령태양광,2025-11-12 21:30:00,
신보령태양광,2025-11-12 22:00:00,
신보령태양광,2025-11-12 22:30:00,
신보령태양광,2025-11-12 23:00:00,
신보령태양광,2025-11-12 23:30:00,
여수엑스포태양광,2025-11-12 00:00:00,0.3
여수엑스포태양광,2025-11-12 00:30:00,0.4
여수엑스포태양광,2025-11-12 01:00:00,0.7
여수엑스포태양광,2025-11-12 01:30:00,0.5
여수엑스포태양광,2025-11-12 02:00:00,0.6
여수엑스포태양광,2025-11-12 02:30:00,0.4
여수엑스포태양광,2025-11-12 03:00:00,0.7
여수엑스포태양광,2025-11-12 03:30:00,
여수엑스포태양광,2025-11-12 04:00:00,
여수엑스포태양광,2025-11-12 04:30:00,
여수엑스포태양광,2025-11-12 05:00:00,
여수엑스포태양광,2025-11-12 05:30:00,
여수엑스포태양광,2025-11-12 06:00:00,
여수엑스포태양광,2025-11-12 06:30:00,
여수엑스포태양광,2025-11-12 07:00:00,
여수엑스포태양광,2025-11-12 07:30:00,
여수엑스포태양광,2025-11-12 08:00:00,
여수엑스포태양광,2025-11-12 08:30:00,
여수엑스포태양광,2025-11-12 09:00:00,
여수엑스포태양광,2025-11-12 09:30:00,
여수엑스포태양광,2025-11-12 10:00:00,
여수엑스포태양광,2025-11-12 10:30:00,
여수엑스포태양광,2025-11-12 11:00:00,
여수엑스포태양광,2025-11-12 11:30:00,
여수엑스포태양광,2025-11-12 12:00:00,
여수엑스포태양광,2025-11-12 12:30:00,
여수엑스포태양광,2025-11-12 13:00:00,
여수엑스포태양광,2025-11-12 13:30:00,
여수엑스포태양광,2025-11-12 14:00:00,
여수엑스포태양광,2025-11-12 14:30:00,
여수엑스포태양광,2025-11-12 15:00:00,
여수엑스포태양광,2025-11-12 15:30:00,
여수엑스포태양광,2025-11-12 16:00:00,
여수엑스포태양광,2025-11-12 16:30:00,
여수엑스포태양광,2025-11-12 17:00:00,
여수엑스포태양광,2025-11-12 17:30:00,
여수엑스포태양광,2025-11-12 18:00:00,
여수엑스포태양광,2025-11-12 18:30:00,
여수엑스포태양광,2025-11-12 19:00:00,
여수엑스포태양광,2025-11-12 19:30:00,
여수엑스포태양광,2025-11-12 20:00:00,
여수엑스포태양광,2025-11-12 20:30:00,
여수엑스포태양광,2025-11-12 21:00:00,
여수엑스포태양광,2025-11-12 21:30:00,
여수엑스포태양광,2025-11-12 22:00:00,
여수엑스포태양광,2025-11-12 22:30:00,
여수엑스포태양광,2025-11-12 23:00:00,
여수엑스포태양광,2025-11-12 23:30:00,
영흥태양광,2025-11-12 00:00:00,0.6
영흥태양광,2025-11-12 00:30:00,0.6
영흥태양광,2025-11-12 01:00:00,1.2
영흥태양광,2025-11-12 01:30:00,1.2
영흥태양광,2025-11-12 02:00:00,1.7
영흥태양광,2025-11-12 02:30:00,1.8
영흥태양광,2025-11-12 03:00:00,2.0
영흥태양광,2025-11-12 03:30:00,
영흥태양광,2025-11-12 04:00:00,
영흥태양광,2025-11-12 04:30:00,
영흥태양광,2025-11-12 05:00:00,
영흥태양광,2025-11-12 05:30:00,
영흥태양광,2025-11-12 06:00:00,
영흥태양광,2025-11-12 06:30:00,
영흥태양광,2025-11-12 07:00:00,
영흥태양광,2025-11-12 07:30:00,
영흥태양광,2025-11-12 08:00:00,
영흥태양광,2025-11-12 08:30:00,
영흥태양광,2025-11-12 09:00:00,
영흥태양광,2025-11-12 09:30:00,
영흥태양광,2025-11-12 10:00:00,
영흥태양광,2025-11-12 10:30:00,
영흥태양광,2025-11-12 11:00:00,
영흥태양광,2025-11-12 11:30:00,
영흥태양광,2025-11-12 12:00:00,
영흥태양광,2025-11-12 12:30:00,
영흥태양광,2025-11-12 13:00:00,
영흥태양광,2025-11-12 13:30:00,
영흥태양광,2025-11-12 14:00:00,
영흥태양광,2025-11-12 14:30:00,
영흥태양광,2025-11-12 15:00:00,
영흥태양광,2025-11-12 15:30:00,
영흥태양광,2025-11-12 16:00:00,
영흥태양광,2025-11-12 16:30:00,
영흥태양광,2025-11-12 17:00:00,
영흥태양광,2025-11-12 17:30:00,
영흥태양광,2025-11-12 18:00:00,
영흥태양광,2025-11-12 18:30:00,
영흥태양광,2025-11-12 19:00:00,
영흥태양광,2025-11-12 19:30:00,
영흥태양광,2025-11-12 20:00:00,
영흥태양광,2025-11-12 20:30:00,
영흥태양광,2025-11-12 21:00:00,
영흥태양광,2025-11-12 21:30:00,
영흥태양광,2025-11-12 22:00:00,
영흥태양광,2025-11-12 22:30:00,
영흥태양광,2025-11-12 23:00:00,
영흥태양광,2025-11-12 23:30:00,
예천태양광,2025-11-12 00:00:00,0.7
예천태양광,2025-11-12 00:30:00,0.7
예천태양광,2025-11-12 01:00:00,1.3
예천태양광,2025-11-12 01:30:00,1.3
예천태양광,2025-11-12 02:00:00,1.8
예천태양광,2025-11-12 02:30:00,1.8
예천태양광,2025-11-12 03:00:00,
예천태양광,2025-11-12 03:30:00,
예천태양광,2025-11-12 04:00:00,
예천태양광,2025-11-12 04:30:00,
예천태양광,2025-11-12 05:00:00,
예천태양광,2025-11-12 05:30:00,
예천태양광,2025-11-12 06:00:00,
예천태양광,2025-11-12 06:30:00,
예천태양광,2025-11-12 07:00:00,
예천태양광,2025-11-12 07:30:00,
예천태양광,2025-11-12 08:00:00,
예천태양광,2025-11-12 08:30:00,
예천태양광,2025-11-12 09:00:00,
예천태양광,2025-11-12 09:30:00,
예천태양광,2025-11-12 10:00:00,
예천태양광,2025-11-12 10:30:00,
예천태양광,2025-11-12 11:00:00,
예천태양광,2025-11-12 11:30:00,
예천태양광,2025-11-12 12:00:00,
예천태양광,2025-11-12 12:30:00,
예천태양광,2025-11-12 13:00:00,
예천태양광,2025-11-12 13:30:00,
예천태양광,2025-11-12 14:00:00,
예천태양광,2025-11-12 14:30:00,
예천태양광,2025-11-12 15:00:00,
예천태양광,2025-11-12 15:30:00,
예천태양광,2025-11-12 16:00:00,
예천태양광,2025-11-12 16:30:00,
예천태양광,2025-11-12 17:00:00,
예천태양광,2025-11-12 17:30:00,
예천태양광,2025-11-12 18:00:00,
예천태양광,2025-11-12 18:30:00,
예천태양광,2025-11-12 19:00:00,
예천태양광,2025-11-12 19:30:00,
예천태양광,2025-11-12 20:00:00,
예천태양광,2025-11-12 20:30:00,
예천태양광,2025-11-12 21:00:00,
예천태양광,2025-11-12 21:30:00,
예천태양광,2025-11-12 22:00:00,
예천태양광,2025-11-12 22:30:00,
예천태양광,2025-11-12 23:00:00,
예천태양광,2025-11-12 23:30:00,
울산태양광#1,2025-11-12 00:00:00,0.5
울산태양광#1,2025-11-12 00:30:00,0.4
울산태양광#1,2025-11-12 01:00:00,0.7
울산태양광#1,2025-11-12 01:30:00,0.9
울산태양광#1,2025-11-12 02:00:00,1.2
울산태양광#1,2025-11-12 02:30:00,0.8
울산태양광#1,2025-11-12 03:00:00,
울산태양광#1,2025-11-12 03:30:00,
울산태양광#1,2025-11-12 04:00:00,
울산태양광#1,2025-11-12 04:30:00,
울산태양광#1,2025-11-12 05:00:00,
울산태양광#1,2025-11-12 05:30:00,
울산태양광#1,2025-11-12 06:00:00,
울산태양광#1,2025-11-12 06:30:00,
울산태양광#1,2025-11-12 07:00:00,
울산태양광#1,2025-11-12 07:30:00,
울산태양광#1,2025-11-12 08:00:00,
울산태양광#1,2025-11-12 08:30:00,
울산태양광#1,2025-11-12 09:00:00,
울산태양광#1,2025-11-12 09:30:00,
울산태양광#1,2025-11-12 10:00:00,
울산태양광#1,2025-11-12 10:30:00,
울산태양광#1,2025-11-12 11:00:00,
울산태양광#1,2025-11-12 11:30:00,
울산태양광#1,2025-11-12 12:00:00,
울산태양광#1,2025-11-12 12:30:00,
울산태양광#1,2025-11-12 13:00:00,
울산태양광#1,2025-11-12 13:30:00,
울산태양광#1,2025-11-12 14:00:00,
울산태양광#1,2025-11-12 14:30:00,
울산태양광#1,2025-11-12 15:00:00,
울산태양광#1,2025-11-12 15:30:00,
울산태양광#1,2025-11-12 16:00:00,
울산태양광#1,2025-11-12 16:30:00,
울산태양광#1,2025-11-12 17:00:00,
울산태양광#1,2025-11-12 17:30:00,
울산태양광#1,2025-11-12 18:00:00,
울산태양광#1,2025-11-12 18:30:00,
울산태양광#1,2025-11-12 19:00:00,
울산태양광#1,2025-11-12 19:30:00,
울산태양광#1,2025-11-12 20:00:00,
울산태양광#1,2025-11-12 20:30:00,
울산태양광#1,2025-11-12 21:00:00,
울산태양광#1,2025-11-12 21:30:00,
울산태양광#1,2025-11-12 22:00:00,
울산태양광#1,2025-11-12 22:30:00,
울산태양광#1,2025-11-12 23:00:00,
울산태양광#1,2025-11-12 23:30:00,
인천아시아드,2025-11-12 00:00:00,0.6
인천아시아드,2025-11-12 00:30:00,0.6
인천아시아드,2025-11-12 01:00:00,1.2
인천아시아드,2025-11-12 01:30:00,1.2
인천아시아드,2025-11-12 02:00:00,1.7
인천아시아드,2025-11-12 02:30:00,1.6
인천아시아드,2025-11-12 03:00:00,
인천아시아드,2025-11-12 03:30:00,
인천아시아드,2025-11-12 04:00:00,
인천아시아드,2025-11-12 04:30:00,
인천아시아드,2025-11-12 05:00:00,
인천아시아드,2025-11-12 05:30:00,
인천아시아드,2025-11-12 06:00:00,
인천아시아드,2025-11-12 06:30:00,
인천아시아드,2025-11-12 07:00:00,
인천아시아드,2025-11-12 07:30:00,
인천아시아드,2025-11-12 08:00:00,
인천아시아드,2025-11-12 08:30:00,
인천아시아드,2025-11-12 09:00:00,
인천아시아드,2025-11-12 09:30:00,
인천아시아드,2025-11-12 10:00:00,
인천아시아드,2025-11-12 10:30:00,
인천아시아드,2025-11-12 11:00:00,
인천아시아드,2025-11-12 11:30:00,
인천아시아드,2025-11-12 12:00:00,
인천아시아드,2025-11-12 12:30:00,
인천아시아드,2025-11-12 13:00:00,
인천아시아드,2025-11-12 13:30:00,
인천아시아드,2025-11-12 14:00:00,
인천아시아드,2025-11-12 14:30:00,
인천아시아드,2025-11-12 15:00:00,
인천아시아드,2025-11-12 15:30:00,
인천아시아드,2025-11-12 16:00:00,
인천아시아드,2025-11-12 16:30:00,
인천아시아드,2025-11-12 17:00:00,
인천아시아드,2025-11-12 17:30:00,
인천아시아드,2025-11-12 18:00:00,
인천아시아드,2025-11-12 18:30:00,
인천아시아드,2025-11-12 19:00:00,
인천아시아드,2025-11-12 19:30:00,
인천아시아드,2025-11-12 20:00:00,
인천아시아드,2025-11-12 20:30:00,
인천아시아드,2025-11-12 21:00:00,
인천아시아드,2025-11-12 21:30:00,
인천아시아드,2025-11-12 22:00:00,
인천아시아드,2025-11-12 22:30:00,
인천아시아드,2025-11-12 23:00:00,
인천아시아드,2025-11-12 23:30:00,
인천태양광,2025-11-12 00:00:00,0.6
인천태양광,2025-11-12 00:30:00,0.6
인천태양광,2025-11-12 01:00:00,1.2
인천태양광,2025-11-12 01:30:00,1.2
인천태양광,2025-11-12 02:00:00,1.7
인천태양광,2025-11-12 02:30:00,1.6
인천태양광,2025-11-12 03:00:00,
인천태양광,2025-11-12 03:30:00,
인천태양광,2025-11-12 04:00:00,
인천태양광,2025-11-12 04:30:00,
인천태양광,2025-11-12 05:00:00,
인천태양광,2025-11-12 05:30:00,
인천태양광,2025-11-12 06:00:00,
인천태양광,2025-11-12 06:30:00,
인천태양광,2025-11-12 07:00:00,
인천태양광,2025-11-12 07:30:00,
인천태양광,2025-11-12 08:00:00,
인천태양광,2025-11-12 08:30:00,
인천태양광,2025-11-12 09:00:00,
인천태양광,2025-11-12 09:30:00,
인천태양광,2025-11-12 10:00:00,
인천태양광,2025-11-12 10:30:00,
인천태양광,2025-11-12 11:00:00,
인천태양광,2025-11-12 11:30:00,
인천태양광,2025-11-12 12:00:00,
인천태양광,2025-11-12 12:30:00,
인천태양광,2025-11-12 13:00:00,
인천태양광,2025-11-12 13:30:00,
인천태양광,2025-11-12 14:00:00,
인천태양광,2025-11-12 14:30:00,
인천태양광,2025-11-12 15:00:00,
인천태양광,2025-11-12 15:30:00,
인천태양광,2025-11-12 16:00:00,
인천태양광,2025-11-12 16:30:00,
인천태양광,2025-11-12 17:00:00,
인천태양광,2025-11-12 17:30:00,
인천태양광,2025-11-12 18:00:00,
인천태양광,2025-11-12 18:30:00,
인천태양광,2025-11-12 19:00:00,
인천태양광,2025-11-12 19:30:00,
인천태양광,2025-11-12 20:00:00,
인천태양광,2025-11-12 20:30:00,
인천태양광,2025-11-12 21:00:00,
인천태양광,2025-11-12 21:30:00,
인천태양광,2025-11-12 22:00:00,
인천태양광,2025-11-12 22:30:00,
인천태양광,2025-11-12 23:00:00,
인천태양광,2025-11-12 23:30:00,
제주대태양광,2025-11-12 00:00:00,0.2
제주대태양광,2025-11-12 00:30:00,0.1
제주대태양광,2025-11-12 01:00:00,0.5
제주대태양광,2025-11-12 01:30:00,0.6
제주대태양광,2025-11-12 02:00:00,0.9
제주대태양광,2025-11-12 02:30:00,0.6
제주대태양광,2025-11-12 03:00:00,
제주대태양광,2025-11-12 03:30:00,
제주대태양광,2025-11-12 04:00:00,
제주대태양광,2025-11-12 04:30:00,
제주대태양광,2025-11-12 05:00:00,
제주대태양광,2025-11-12 05:30:00,
제주대태양광,2025-11-12 06:00:00,
제주대태양광,2025-11-12 06:30:00,
제주대태양광,2025-11-12 07:00:00,
제주대태양광,2025-11-12 07:30:00,
제주대태양광,2025-11-12 08:00:00,
제주대태양광,2025-11-12 08:30:00,
제주대태양광,2025-11-12 09:00:00,
제주대태양광,2025-11-12 09:30:00,
제주대태양광,2025-11-12 10:00:00,
제주대태양광,2025-11-12 10:30:00,
제주대태양광,2025-11-12 11:00:00,
제주대태양광,2025-11-12 11:30:00,
제주대태양광,2025-11-12 12:00:00,
제주대태양광,2025-11-12 12:30:00,
제주대태양광,2025-11-12 13:00:00,
제주대태양광,2025-11-12 13:30:00,
제주대태양광,2025-11-12 14:00:00,
제주대태양광,2025-11-12 14:30:00,
제주대태양광,2025-11-12 15:00:00,
제주대태양광,2025-11-12 15:30:00,
제주대태양광,2025-11-12 16:00:00,
제주대태양광,2025-11-12 16:30:00,
제주대태양광,2025-11-12 17:00:00,
제주대태양광,2025-11-12 17:30:00,
제주대태양광,2025-11-12 18:00:00,
제주대태양광,2025-11-12 18:30:00,
제주대태양광,2025-11-12 19:00:00,
제주대태양광,2025-11-12 19:30:00,
제주대태양광,2025-11-12 20:00:00,
제주대태양광,2025-11-12 20:30:00,
제주대태양광,2025-11-12 21:00:00,
제주대태양광,2025-11-12 21:30:00,
제주대태양광,2025-11-12 22:00:00,
제주대태양광,2025-11-12 22:30:00,
제주대태양광,2025-11-12 23:00:00,
제주대태양광,2025-11-12 23:30:00,
제주성읍리태양광,2025-11-12 00:00:00,0.2
제주성읍리태양광,2025-11-12 00:30:00,0.2
제주성읍리태양광,2025-11-12 01:00:00,0.6
제주성읍리태양광,2025-11-12 01:30:00,0.5
제주성읍리태양광,2025-11-12 02:00:00,0.6
제주성읍리태양광,2025-11-12 02:30:00,0.4
제주성읍리태양광,2025-11-12 03:00:00,
제주성읍리태양광,2025-11-12 03:30:00,
제주성읍리태양광,2025-11-12 04:00:00,
제주성읍리태양광,2025-11-12 04:30:00,
제주성읍리태양광,2025-11-12 05:00:00,
제주성읍리태양광,2025-11-12 05:30:00,
제주성읍리태양광,2025-11-12 06:00:00,
제주성읍리태양광,2025-11-12 06:30:00,
제주성읍리태양광,2025-11-12 07:00:00,
제주성읍리태양광,2025-11-12 07:30:00,
제주성읍리태양광,2025-11-12 08:00:00,
제주성읍리태양광,2025-11-12 08:30:00,
제주성읍리태양광,2025-11-12 09:00:00,
제주성읍리태양광,2025-11-12 09:30:00,
제주성읍리태양광,2025-11-12 10:00:00,
제주성읍리태양광,2025-11-12 10:30:00,
제주성읍리태양광,2025-11-12 11:00:00,
제주성읍리태양광,2025-11-12 11:30:00,
제주성읍리태양광,2025-11-12 12:00:00,
제주성읍리태양광,2025-11-12 12:30:00,
제주성읍리태양광,2025-11-12 13:00:00,
제주성읍리태양광,2025-11-12 13:30:00,
제주성읍리태양광,2025-11-12 14:00:00,
제주성읍리태양광,2025-11-12 14:30:00,
제주성읍리태양광,2025-11-12 15:00:00,
제주성읍리태양광,2025-11-12 15:30:00,
제주성읍리태양광,2025-11-12 16:00:00,
제주성읍리태양광,2025-11-12 16:30:00,
제주성읍리태양광,2025-11-12 17:00:00,
제주성읍리태양광,2025-11-12 17:30:00,
제주성읍리태양광,2025-11-12 18:00:00,
제주성읍리태양광,2025-11-12 18:30:00,
제주성읍리태양광,2025-11-12 19:00:00,
제주성읍리태양광,2025-11-12 19:30:00,
제주성읍리태양광,2025-11-12 20:00:00,
제주성읍리태양광,2025-11-12 20:30:00,
제주성읍리태양광,2025-11-12 21:00:00,
제주성읍리태양광,2025-11-12 21:30:00,
제주성읍리태양광,2025-11-12 22:00:00,
제주성읍리태양광,2025-11-12 22:30:00,
제주성읍리태양광,2025-11-12 23:00:00,
제주성읍리태양광,2025-11-12 23:30:00,
제주태양광,2025-11-12 00:00:00,0.2
제주태양광,2025-11-12 00:30:00,0.1
제주태양광,2025-11-12 01:00:00,0.6
제주태양광,2025-11-12 01:30:00,0.7
제주태양광,2025-11-12 02:00:00,0.9
제주태양광,2025-11-12 02:30:00,0.6
제주태양광,2025-11-12 03:00:00,
제주태양광,2025-11-12 03:30:00,
제주태양광,2025-11-12 04:00:00,
제주태양광,2025-11-12 04:30:00,
제주태양광,2025-11-12 05:00:00,
제주태양광,2025-11-12 05:30:00,
제주태양광,2025-11-12 06:00:00,
제주태양광,2025-11-12 06:30:00,
제주태양광,2025-11-12 07:00:00,
제주태양광,2025-11-12 07:30:00,
제주태양광,2025-11-12 08:00:00,
제주태양광,2025-11-12 08:30:00,
제주태양광,2025-11-12 09:00:00,
제주태양광,2025-11-12 09:30:00,
제주태양광,2025-11-12 10:00:00,
제주태양광,2025-11-12 10:30:00,
제주태양광,2025-11-12 11:00:00,
제주태양광,2025-11-12 11:30:00,
제주태양광,2025-11-12 12:00:00,
제주태양광,2025-11-12 12:30:00,
제주태양광,2025-11-12 13:00:00,
제주태양광,2025-11-12 13:30:00,
제주태양광,2025-11-12 14:00:00,
제주태양광,2025-11-12 14:30:00,
제주태양광,2025-11-12 15:00:00,
제주태양광,2025-11-12 15:30:00,
제주태양광,2025-11-12 16:00:00,
제주태양광,2025-11-12 16:30:00,
제주태양광,2025-11-12 17:00:00,
제주태양광,2025-11-12 17:30:00,
제주태양광,2025-11-12 18:00:00,
제주태양광,2025-11-12 18:30:00,
제주태양광,2025-11-12 19:00:00,
제주태양광,2025-11-12 19:30:00,
제주태양광,2025-11-12 20:00:00,
제주태양광,2025-11-12 20:30:00,
제주태양광,2025-11-12 21:00:00,
제주태양광,2025-11-12 21:30:00,
제주태양광,2025-11-12 22:00:00,
제주태양광,2025-11-12 22:30:00,
제주태양광,2025-11-12 23:00:00,
제주태양광,2025-11-12 23:30:00,
